Klaus Neubeck;k.neubeck@tw.asys-micro.com;1
Larry Chou;l.chou@tw.asys-micro.com;2
Clarence Chen;c.chen@tw.asys-micro.com;3
Shawn Chen;s.chen@tw.asys-micro.com;6
Julie Yang;j.yang@tw.asys-micro.com;9
Leo Huang;l.huang@tw.asys-micro.com;12
Ken Tsai;k.tsai@tw.asys-micro.com;13
Barry Chen;b.chen@tw.asys-micro.com;15
Henry Chen;h.chen@tw.asys-micro.com;16
Roy Liu;r.liu@tw.asys-micro.com;18
May Lin;m.lin@tw.asys-micro.com;23
Tim Lin;t.lin@tw.asys-micro.com;24
Ray Yeh;r.yeh@tw.asys-micro.com;25
Yi Ou;y.ou@tw.asys-micro.com;26
Stanley Wu;s.wu@tw.asys-micro.com;27
Justice Chou;j.chou@tw.asys-micro.com;28
Bob Chen;B.chen@tw.asys-micro.com;30
Emily Huang;e.huang@tw.asys-micro.com;31
James Hsu;j.hsu@tw.asys-micro.com;32
Tony Tsai;t.tsai@tw.asys-micro.com;34
Jack Lee;j.lee@tw.asys-micro.com;35
Jessica Yuan;j.yuan@tw.asys-micro.com;38
Petra Jackson;p.jackson@asys-micro.de;
Jasmin Bernhardt;j.bernhardt@asys-micro.de;